{
  "isTrained": true,
  "basePrice": 6211.5609756097565,
  "featureMeans": {
    "make": 2.3658536585365852,
    "model": 5.951219512195122,
    "year": 2009.1097560975609,
    "mileage": 129147.35975609756,
    "yearMileageRatio": 16.76450054501018,
    "age": 16.890243902439025,
    "mileagePerYear": 7863.434002584562,
    "isHybrid": 0.39634146341463417,
    "isSUV": 0.08536585365853659,
    "isHatchback": 0.6280487804878049,
    "isSedan": 0.2865853658536585,
    "location": 0.8658536585365854,
    "sellerType": 0
  },
  "featureImportance": {
    "make": 0.32878012247503824,
    "model": 0.09096127567025122,
    "year": 0.5588787136525263,
    "mileage": 0.41843622070535785,
    "yearMileageRatio": 0.3521099092045715,
    "age": 0.5588787136525248,
    "mileagePerYear": 0.030360117602152095,
    "isHybrid": 0.2883460400237732,
    "isSUV": 0.3528317327026599,
    "isHatchback": 0.4252843866160439,
    "isSedan": 0.23655166415383755,
    "location": 0.2858406819393622,
    "sellerType": 0
  },
  "modelMetrics": {
    "mae": "39.18",
    "accuracy": "60.82",
    "sampleSize": 50
  },
  "savedAt": "2026-03-02T13:50:47.195Z"
}